state,seat_number,district_name,district_abbr,incumbent_running,incumbent_elections_won,candidate_party,candidate_firstname,candidate_lastname,fec_candidate_id,redistricted
Alabama,1,Alabama's 1st,AL-01,REP,1,DEM,Tom,Holmes,,TRUE
Alabama,1,Alabama's 1st,AL-01,REP,1,REP,TBD,,,TRUE
Alabama,2,Alabama's 2nd,AL-02,None,1,DEM,TBD,,,TRUE
Alabama,2,Alabama's 2nd,AL-02,None,1,REP,TBD,,,TRUE
Alabama,3,Alabama's 3rd,AL-03,REP,11,DEM,TBD,,,TRUE
Alabama,3,Alabama's 3rd,AL-03,REP,11,REP,Mike,Rogers,H2AL03032,TRUE
Alabama,4,Alabama's 4th,AL-04,REP,14,DEM,TBD,,,TRUE
Alabama,4,Alabama's 4th,AL-04,REP,14,REP,Robert,Aderholt,H6AL04098,TRUE
Alabama,5,Alabama's 5th,AL-05,REP,1,DEM,TBD,,,TRUE
Alabama,5,Alabama's 5th,AL-05,REP,1,REP,Dale,Strong,,TRUE
Alabama,6,Alabama's 6th,AL-06,REP,4,DEM,TBD,,,TRUE
Alabama,6,Alabama's 6th,AL-06,REP,4,REP,Gary,Palmer,H4AL06098,TRUE
Alabama,7,Alabama's 7th,AL-07,DEM,7,DEM,Terri,Sewell,H0AL07086,TRUE
Alabama,7,Alabama's 7th,AL-07,DEM,7,REP,TBD,,,TRUE
Alaska,1,Alaska's at-large,AK-AL,DEM,2,DEM,Mary,Peltola,,FALSE
Alaska,1,Alaska's at-large,AK-AL,DEM,2,REP,Nick,Begich III,,FALSE
Arizona,1,Arizona's 1st,AZ-01,REP,7,DEM,TBD,,,FALSE
Arizona,1,Arizona's 1st,AZ-01,REP,7,REP,David,Schweikert,H4AZ06045,FALSE
Arizona,2,Arizona's 2nd,AZ-02,REP,1,DEM,Jonathan,Nez,,FALSE
Arizona,2,Arizona's 2nd,AZ-02,REP,1,REP,Eli,Crane,,FALSE
Arizona,3,Arizona's 3rd,AZ-03,None,5,DEM,TBD,,H2AZ07070,FALSE
Arizona,3,Arizona's 3rd,AZ-03,None,5,REP,Jeff,Zink,,FALSE
Arizona,4,Arizona's 4th,AZ-04,DEM,3,DEM,Greg,Stanton,H8AZ09040,FALSE
Arizona,4,Arizona's 4th,AZ-04,DEM,5,REP,TBD,,,FALSE
Arizona,5,Arizona's 5th,AZ-05,REP,4,DEM,TBD,,,FALSE
Arizona,5,Arizona's 5th,AZ-05,REP,4,REP,Andy,Biggs,H6AZ05083,FALSE
Arizona,6,Arizona's 6th,AZ-06,REP,1,DEM,TBD,,,FALSE
Arizona,6,Arizona's 6th,AZ-06,REP,1,REP,Juan,Ciscomani,,FALSE
Arizona,7,Arizona's 7th,AZ-07,DEM,11,DEM,Raúl,Grijalva,H2AZ07070,FALSE
Arizona,7,Arizona's 7th,AZ-07,DEM,11,REP,TBD,,,FALSE
Arizona,8,Arizona's 8th,AZ-08,REP,4,DEM,TBD,,,FALSE
Arizona,8,Arizona's 8th,AZ-08,REP,4,REP,Debbie,Lesko,H8AZ08158,FALSE
Arizona,9,Arizona's 9th,AZ-09,REP,7,DEM,TBD,,H8AZ09040,FALSE
Arizona,9,Arizona's 9th,AZ-09,REP,7,REP,Paul,Gosar,H0AZ01259,FALSE
Arkansas,1,Arkansas's 1st,AR-01,REP,7,DEM,Rodney,Govens,,FALSE
Arkansas,1,Arkansas's 1st,AR-01,REP,7,REP,Rick,Crawford,H0AR01083,FALSE
Arkansas,2,Arkansas's 2nd,AR-02,REP,5,DEM,Marcus,Jones,,FALSE
Arkansas,2,Arkansas's 2nd,AR-02,REP,5,REP,French,Hill,H4AR02141,FALSE
Arkansas,3,Arkansas's 3rd,AR-03,REP,7,DEM,Caitlin,Draper,,FALSE
Arkansas,3,Arkansas's 3rd,AR-03,REP,7,REP,Steve,Womack,H0AR03055,FALSE
Arkansas,4,Arkansas's 4th,AR-04,REP,5,DEM,TBD,,,FALSE
Arkansas,4,Arkansas's 4th,AR-04,REP,5,REP,Bruce,Westerman,H4AR04048,FALSE
California,1,California's 1st,CA-01,REP,6,DEM,TBD,,,FALSE
California,1,California's 1st,CA-01,REP,6,REP,Doug,LaMalfa,H2CA02142,FALSE
California,2,California's 2nd,CA-02,DEM,6,DEM,Jared,Huffman,H2CA06259,FALSE
California,2,California's 2nd,CA-02,DEM,6,REP,TBD,,,FALSE
California,3,California's 3rd,CA-03,REP,1,DEM,TBD,,,FALSE
California,3,California's 3rd,CA-03,REP,1,REP,Kevin,Kiley,,FALSE
California,4,California's 4th,CA-04,DEM,13,DEM,Mike,Thompson,H8CA01109,FALSE
California,4,California's 4th,CA-04,DEM,13,REP,TBD,,,FALSE
California,5,California's 5th,CA-05,DEM,8,DEM,TBD,,,FALSE
California,5,California's 5th,CA-05,DEM,8,REP,Tom,McClintock,,FALSE
California,6,California's 6th,CA-06,DEM,6,DEM,Ami,Bera,H0CA03078,FALSE
California,6,California's 6th,CA-06,DEM,6,REP,TBD,,,FALSE
California,7,California's 7th,CA-07,DEM,10,DEM,Doris,Matsui,H6CA05195,FALSE
California,7,California's 7th,CA-07,DEM,10,REP,Max,Semenenko,,FALSE
California,8,California's 8th,CA-08,DEM,8,DEM,John,Garamendi,H0CA10149,FALSE
California,8,California's 8th,CA-08,DEM,8,REP,TBD,,,FALSE
California,9,California's 9th,CA-09,DEM,3,DEM,Josh,Harder,H8CA10126,FALSE
California,9,California's 9th,CA-09,DEM,3,REP,TBD,,,FALSE
California,10,California's 10th,CA-10,DEM,5,DEM,Mark,DeSaulnier,H0CA10073,FALSE
California,10,California's 10th,CA-10,DEM,5,REP,TBD,,,FALSE
California,11,California's 11th,CA-11,DEM,19,DEM,Nancy,Pelosi,H8CA05035,FALSE
California,11,California's 11th,CA-11,DEM,19,REP,TBD,,,FALSE
California,12,California's 12th,CA-12,None,13,DEM,TBD,,,FALSE
California,12,California's 12th,CA-12,None,13,REP,None,,,FALSE
California,13,California's 13th,CA-13,REP,1,DEM,TBD,,,FALSE
California,13,California's 13th,CA-13,REP,1,REP,John,Duarte,,FALSE
California,14,California's 14th,CA-14,DEM,6,DEM,Eric,Swalwell,H2CA15094,FALSE
California,14,California's 14th,CA-14,DEM,6,REP,Joseph,Grcar,,FALSE
California,15,California's 15th,CA-15,DEM,1,DEM,Kevin,Mullin,H2CA15094,FALSE
California,15,California's 15th,CA-15,DEM,1,REP,TBD,,,FALSE
California,16,California's 16th,CA-16,DEM,16,DEM,Anna,Eshoo,H8CA12098,FALSE
California,16,California's 16th,CA-16,DEM,16,REP,TBD,,,FALSE
California,17,California's 17th,CA-17,DEM,4,DEM,Ro,Khanna,H4CA12055,FALSE
California,17,California's 17th,CA-17,DEM,4,REP,TBD,,,FALSE
California,18,California's 18th,CA-18,DEM,15,DEM,Zoe,Lofgren,H4CA16049,FALSE
California,18,California's 18th,CA-18,DEM,15,REP,Peter,Hernandez,,FALSE
California,19,California's 19th,CA-19,DEM,4,DEM,Jimmy,Panetta,H6CA20152,FALSE
California,19,California's 19th,CA-19,DEM,4,REP,TBD,,,FALSE
California,20,California's 20th,CA-20,REP,9,DEM,TBD,,,FALSE
California,20,California's 20th,CA-20,REP,9,REP,Kevin,McCarthy,H6CA22125,FALSE
California,21,California's 21st,CA-21,DEM,10,DEM,Jim,Costa,H4CA20082,FALSE
California,21,California's 21st,CA-21,DEM,10,REP,Michael,Maher,,FALSE
California,22,California's 22nd,CA-22,REP,5,DEM,TBD,,,FALSE
California,22,California's 22nd,CA-22,REP,5,REP,David,Valadao,H2CA20094,FALSE
California,23,California's 23rd,CA-23,REP,2,DEM,TBD,,,FALSE
California,23,California's 23rd,CA-23,REP,2,REP,Jay,Obernolte,H0CA08135,FALSE
California,24,California's 24th,CA-24,DEM,4,DEM,Salud,Carbajal,H6CA24303,FALSE
California,24,California's 24th,CA-24,DEM,4,REP,Thomas,Cole,,FALSE
California,25,California's 25th,CA-25,DEM,6,DEM,Raul,Ruiz,H2CA36439,FALSE
California,25,California's 25th,CA-25,DEM,6,REP,TBD,,,FALSE
California,26,California's 26th,CA-26,DEM,6,DEM,Julia,Brownley,H2CA00120,FALSE
California,26,California's 26th,CA-26,DEM,6,REP,TBD,,,FALSE
California,27,California's 27th,CA-27,REP,3,DEM,George,Whitesides,,FALSE
California,27,California's 27th,CA-27,REP,3,REP,Mike,Garcia,H0CA25105,FALSE
California,28,California's 28th,CA-28,DEM,8,DEM,Judy,Chu,H0CA32101,FALSE
California,28,California's 28th,CA-28,DEM,8,REP,Kerry,Lewis,,FALSE
California,29,California's 29th,CA-29,DEM,6,DEM,Tony,Cárdenas,H2CA28113,FALSE
California,29,California's 29th,CA-29,DEM,6,REP,TBD,,,FALSE
California,30,California's 30th,CA-30,None,12,DEM,TBD,,,FALSE
California,30,California's 30th,CA-30,None,12,REP,TBD,,,FALSE
California,31,California's 31st,CA-31,None,13,DEM,TBD,,,FALSE
California,31,California's 31st,CA-31,None,13,REP,TBD,,,FALSE
California,32,California's 32nd,CA-32,DEM,14,DEM,Brad,Sherman,,FALSE
California,32,California's 32nd,CA-32,DEM,14,REP,TBD,,,FALSE
California,33,California's 33rd,CA-33,DEM,5,DEM,Pete,Aguilar,,FALSE
California,33,California's 33rd,CA-33,DEM,5,REP,Sarah,Sun Liew,,FALSE
California,34,California's 34th,CA-34,DEM,4,DEM,Jimmy,Gomez,H8CA34266,FALSE
California,34,California's 34th,CA-34,DEM,4,REP,TBD,,,FALSE
California,35,California's 35th,CA-35,DEM,5,DEM,Norma,Torres,H4CA35031,FALSE
California,35,California's 35th,CA-35,DEM,5,REP,TBD,,,FALSE
California,36,California's 36th,CA-36,DEM,5,DEM,Ted,Lieu,H4CA33119,FALSE
California,36,California's 36th,CA-36,DEM,5,REP,TBD,,,FALSE
California,37,California's 37th,CA-37,DEM,1,DEM,Sydney,Kamlager-Dove,,FALSE
California,37,California's 37th,CA-37,DEM,1,REP,TBD,,,FALSE
California,38,California's 38th,CA-38,DEM,11,DEM,Linda,Sánchez,H2CA39078,FALSE
California,38,California's 38th,CA-38,DEM,11,REP,TBD,,,FALSE
California,39,California's 39th,CA-39,DEM,6,DEM,Mark,Takano,H2CA43245,FALSE
California,39,California's 39th,CA-39,DEM,6,REP,TBD,,,FALSE
California,40,California's 40th,CA-40,REP,2,DEM,TBD,,,FALSE
California,40,California's 40th,CA-40,REP,2,REP,Young,Kim,H8CA39240,FALSE
California,41,California's 41st,CA-41,REP,16,DEM,TBD,,,FALSE
California,41,California's 41st,CA-41,REP,16,REP,Ken,Calvert,H2CA37023,FALSE
California,42,California's 42nd,CA-42,DEM,1,DEM,Robert,Garcia,,FALSE
California,42,California's 42nd,CA-42,DEM,1,REP,TBD,,,FALSE
California,43,California's 43rd,CA-43,DEM,17,DEM,Maxine,Waters,H4CA23011,FALSE
California,43,California's 43rd,CA-43,DEM,17,REP,TBD,,,FALSE
California,44,California's 44th,CA-44,DEM,4,DEM,Nanette,Barragán,H6CA44103,FALSE
California,44,California's 44th,CA-44,DEM,4,REP,None,,,FALSE
California,45,California's 45th,CA-45,REP,2,DEM,TBD,,,FALSE
California,45,California's 45th,CA-45,REP,2,REP,Michelle,Steel,H0CA48198,FALSE
California,46,California's 46th,CA-46,DEM,4,DEM,Lou,Correa,H6CA46116,FALSE
California,46,California's 46th,CA-46,DEM,4,REP,David,Pan,,FALSE
California,47,California's 47th,CA-47,None,3,DEM,TBD,,,FALSE
California,47,California's 47th,CA-47,None,3,REP,TBD,,,FALSE
California,48,California's 48th,CA-48,REP,11,DEM,Stephen,Houlahan,,FALSE
California,48,California's 48th,CA-48,REP,11,REP,Darrell,Issa,H0CA50178,FALSE
California,49,California's 49th,CA-49,DEM,3,DEM,Mike,Levin,H8CA49058,FALSE
California,49,California's 49th,CA-49,DEM,3,REP,TBD,,,FALSE
California,50,California's 50th,CA-50,DEM,6,DEM,Scott,Peters,H2CA52089,FALSE
California,50,California's 50th,CA-50,DEM,6,REP,TBD,,,FALSE
California,51,California's 51st,CA-51,DEM,2,DEM,Sara,Jacobs,,FALSE
California,51,California's 51st,CA-51,DEM,2,REP,TBD,,,FALSE
California,52,California's 52nd,CA-52,DEM,6,DEM,Juan,Vargas,,FALSE
California,52,California's 52nd,CA-52,DEM,6,REP,TBD,,,FALSE
Colorado,1,Colorado's 1st,CO-01,DEM,14,DEM,Diana,DeGette,H6CO01141,FALSE
Colorado,1,Colorado's 1st,CO-01,DEM,14,REP,TBD,,,FALSE
Colorado,2,Colorado's 2nd,CO-02,DEM,3,DEM,Joe,Neguse,H8CO02160,FALSE
Colorado,2,Colorado's 2nd,CO-02,DEM,3,REP,TBD,,,FALSE
Colorado,3,Colorado's 3rd,CO-03,REP,2,DEM,Adam,Frisch,,FALSE
Colorado,3,Colorado's 3rd,CO-03,REP,2,REP,Lauren,Boebert,H0CO03165,FALSE
Colorado,4,Colorado's 4th,CO-04,None,5,DEM,TBD,,,FALSE
Colorado,4,Colorado's 4th,CO-04,None,5,REP,TBD,,,FALSE
Colorado,5,Colorado's 5th,CO-05,REP,9,DEM,TBD,,,FALSE
Colorado,5,Colorado's 5th,CO-05,REP,9,REP,Doug,Lamborn,H6CO05159,FALSE
Colorado,6,Colorado's 6th,CO-06,DEM,3,DEM,Jason,Crow,H8CO06229,FALSE
Colorado,6,Colorado's 6th,CO-06,DEM,3,REP,John ,Fabbricatore,,FALSE
Colorado,7,Colorado's 7th,CO-07,DEM,1,DEM,Brittany,Pettersen,,FALSE
Colorado,7,Colorado's 7th,CO-07,DEM,1,REP,TBD,,,FALSE
Colorado,8,Colorado's 8th,CO-08,DEM,1,DEM,Yadira,Caraveo,,FALSE
Colorado,8,Colorado's 8th,CO-08,DEM,1,REP,TBD,,,FALSE
Connecticut,1,Connecticut's 1st,CT-01,DEM,13,DEM,John,Larson,H8CT01046,FALSE
Connecticut,1,Connecticut's 1st,CT-01,DEM,13,REP,TBD,,,FALSE
Connecticut,2,Connecticut's 2nd,CT-02,DEM,9,DEM,Joe,Courtney,H2CT02112,FALSE
Connecticut,2,Connecticut's 2nd,CT-02,DEM,9,REP,Mike,France,,FALSE
Connecticut,3,Connecticut's 3rd,CT-03,DEM,17,DEM,Rosa,DeLauro,H0CT03072,FALSE
Connecticut,3,Connecticut's 3rd,CT-03,DEM,17,REP,TBD,,,FALSE
Connecticut,4,Connecticut's 4th,CT-04,DEM,8,DEM,Jim,Himes,H8CT04172,FALSE
Connecticut,4,Connecticut's 4th,CT-04,DEM,8,REP,Bobby,MacGuffe,,FALSE
Connecticut,5,Connecticut's 5th,CT-05,DEM,3,DEM,Jahana,Hayes,H8CT05245,FALSE
Connecticut,5,Connecticut's 5th,CT-05,DEM,3,REP,TBD,,,FALSE
Delaware,1,Delaware's at-large,DE-AL,None,4,DEM,TBD,,,FALSE
Delaware,1,Delaware's at-large,DE-AL,None,4,REP,TBD,,,FALSE
Florida,1,Florida's 1st,FL-01,REP,4,DEM,Gay,Valimont,,FALSE
Florida,1,Florida's 1st,FL-01,REP,4,REP,Matt,Gaetz,H6FL01119,FALSE
Florida,2,Florida's 2nd,FL-02,REP,4,DEM,TBD,,,FALSE
Florida,2,Florida's 2nd,FL-02,REP,4,REP,Neal,Dunn,H6FL02208,FALSE
Florida,3,Florida's 3rd,FL-03,REP,2,DEM,Tom,Wells,,FALSE
Florida,3,Florida's 3rd,FL-03,REP,2,REP,Kat,Cammack,H0FL03175,FALSE
Florida,4,Florida's 4th,FL-04,REP,1,DEM,TBD,,,FALSE
Florida,4,Florida's 4th,FL-04,REP,1,REP,Aaron,Bean,,FALSE
Florida,5,Florida's 5th,FL-05,REP,4,DEM,TBD,,,FALSE
Florida,5,Florida's 5th,FL-05,REP,4,REP,John,Rutherford,,FALSE
Florida,6,Florida's 6th,FL-06,REP,3,DEM,TBD,,,FALSE
Florida,6,Florida's 6th,FL-06,REP,3,REP,Michael,Waltz,H8FL06148,FALSE
Florida,7,Florida's 7th,FL-07,REP,1,DEM,Allek,Pastrana,,FALSE
Florida,7,Florida's 7th,FL-07,REP,1,REP,Cory,Mills,,FALSE
Florida,8,Florida's 8th,FL-08,REP,8,DEM,Dan,McDow,,FALSE
Florida,8,Florida's 8th,FL-08,REP,8,REP,Bill,Posey,H8FL15107,FALSE
Florida,9,Florida's 9th,FL-09,DEM,4,DEM,Darren,Soto,H6FL09179,FALSE
Florida,9,Florida's 9th,FL-09,DEM,4,REP,TBD,,,FALSE
Florida,10,Florida's 10th,FL-10,DEM,1,DEM,Maxwell,Frost,,FALSE
Florida,10,Florida's 10th,FL-10,DEM,1,REP,TBD,,,FALSE
Florida,11,Florida's 11th,FL-11,REP,7,DEM,TBD,,,FALSE
Florida,11,Florida's 11th,FL-11,REP,7,REP,Daniel,Webster,H0FL08208,FALSE
Florida,12,Florida's 12th,FL-12,REP,9,DEM,TBD,,,FALSE
Florida,12,Florida's 12th,FL-12,REP,9,REP,Gus,Bilirakis,H6FL09070,FALSE
Florida,13,Florida's 13th,FL-13,DEM,1,DEM,TBD,,,FALSE
Florida,13,Florida's 13th,FL-13,DEM,1,REP,Anna Paulina,Luna,H0FL13158,FALSE
Florida,14,Florida's 14th,FL-14,DEM,9,DEM,Kathy,Castor,H6FL11126,FALSE
Florida,14,Florida's 14th,FL-14,DEM,9,REP,TBD,,,FALSE
Florida,15,Florida's 15th,FL-15,REP,1,DEM,TBD,,,FALSE
Florida,15,Florida's 15th,FL-15,REP,1,REP,Laurel,Lee,,FALSE
Florida,16,Florida's 16th,FL-16,REP,9,DEM,TBD,,,FALSE
Florida,16,Florida's 16th,FL-16,REP,9,REP,Vern,Buchanan,H2FL13139,FALSE
Florida,17,Florida's 17th,FL-17,REP,3,DEM,TBD,,,FALSE
Florida,17,Florida's 17th,FL-17,REP,3,REP,Greg,Steube,H8FL17053,FALSE
Florida,18,Florida's 18th,FL-18,REP,2,DEM,TBD,,,FALSE
Florida,18,Florida's 18th,FL-18,REP,2,REP,Scott,Franklin,,FALSE
Florida,19,Florida's 19th,FL-19,REP,2,DEM,TBD,,,FALSE
Florida,19,Florida's 19th,FL-19,REP,2,REP,Byron,Donalds,H0FL19205,FALSE
Florida,20,Florida's 20th,FL-20,DEM,2,DEM,Sheila,Cherfilus-McCormick,,FALSE
Florida,20,Florida's 20th,FL-20,DEM,2,REP,TBD,,,FALSE
Florida,21,Florida's 21st,FL-21,DEM,4,DEM,TBD,,,FALSE
Florida,21,Florida's 21st,FL-21,DEM,4,REP,Brian,Mast,,FALSE
Florida,22,Florida's 22nd,FL-22,DEM,6,DEM,Lois,Frankel,H2FL14053,FALSE
Florida,22,Florida's 22nd,FL-22,DEM,6,REP,TBD,,,FALSE
Florida,23,Florida's 23rd,FL-23,DEM,1,DEM,Jared,Moskowitz,,FALSE
Florida,23,Florida's 23rd,FL-23,DEM,1,REP,TBD,,,FALSE
Florida,24,Florida's 24th,FL-24,DEM,7,DEM,Frederica,Wilson,H0FL17068,FALSE
Florida,24,Florida's 24th,FL-24,DEM,7,REP,Chris,Eddy,,FALSE
Florida,25,Florida's 25th,FL-25,REP,10,DEM,Debbie,Wasserman Schultz,H4FL20023,FALSE
Florida,25,Florida's 25th,FL-25,REP,10,REP,Carla,Spalding,,FALSE
Florida,26,Florida's 26th,FL-26,REP,11,DEM,TBD,,,FALSE
Florida,26,Florida's 26th,FL-26,REP,11,REP,Mario,Díaz-Balart,,FALSE
Florida,27,Florida's 27th,FL-27,REP,2,DEM,Lucia,Baez-Geller,,FALSE
Florida,27,Florida's 27th,FL-27,REP,2,REP,María Elvira,Salazar,H8FL27185,FALSE
Florida,28,Florida's 28th,FL-28,REP,2,DEM,TBD,,,FALSE
Florida,28,Florida's 28th,FL-28,REP,2,REP,Carlos,Giménez,,FALSE
Georgia,1,Georgia's 1st,GA-01,REP,5,DEM,TBD,,,FALSE
Georgia,1,Georgia's 1st,GA-01,REP,5,REP,Buddy,Carter,H4GA01039,FALSE
Georgia,2,Georgia's 2nd,GA-02,DEM,16,DEM,Sanford,Bishop,H2GA02031,FALSE
Georgia,2,Georgia's 2nd,GA-02,DEM,16,REP,TBD,,,FALSE
Georgia,3,Georgia's 3rd,GA-03,REP,4,DEM,TBD,,,FALSE
Georgia,3,Georgia's 3rd,GA-03,REP,4,REP,Drew,Ferguson,H6GA03113,FALSE
Georgia,4,Georgia's 4th,GA-04,DEM,9,DEM,Hank,Johnson,H6GA04129,FALSE
Georgia,4,Georgia's 4th,GA-04,DEM,9,REP,TBD,,,FALSE
Georgia,5,Georgia's 5th,GA-05,DEM,2,DEM,Nikema,Williams,H6GA05217,FALSE
Georgia,5,Georgia's 5th,GA-05,DEM,2,REP,TBD,,,FALSE
Georgia,6,Georgia's 6th,GA-06,REP,1,DEM,TBD,,,FALSE
Georgia,6,Georgia's 6th,GA-06,REP,1,REP,Rich,McCormick,H0GA07273,FALSE
Georgia,7,Georgia's 7th,GA-07,DEM,3,DEM,Lucy,McBath,H8GA06393,FALSE
Georgia,7,Georgia's 7th,GA-07,DEM,3,REP,TBD,,,FALSE
Georgia,8,Georgia's 8th,GA-08,REP,7,DEM,TBD,,,FALSE
Georgia,8,Georgia's 8th,GA-08,REP,7,REP,Austin,Scott,H0GA08099,FALSE
Georgia,9,Georgia's 9th,GA-09,REP,2,DEM,TBD,TBD,,FALSE
Georgia,9,Georgia's 9th,GA-09,REP,2,REP,Andrew,Clyde,H0GA09246,FALSE
Georgia,10,Georgia's 10th,GA-10,REP,1,DEM,TBD,,,FALSE
Georgia,10,Georgia's 10th,GA-10,REP,1,REP,Mike,Collins,,FALSE
Georgia,11,Georgia's 11th,GA-11,REP,5,DEM,TBD,,,FALSE
Georgia,11,Georgia's 11th,GA-11,REP,5,REP,Barry,Loudermilk,H4GA11061,FALSE
Georgia,12,Georgia's 12th,GA-12,REP,5,DEM,TBD,,,FALSE
Georgia,12,Georgia's 12th,GA-12,REP,5,REP,Rick,Allen,H2GA12121,FALSE
Georgia,13,Georgia's 13th,GA-13,DEM,11,DEM,David,Scott,H2GA13012,FALSE
Georgia,13,Georgia's 13th,GA-13,DEM,11,REP,TBD,,,FALSE
Georgia,14,Georgia's 14th,GA-14,REP,2,DEM,TBD,,,FALSE
Georgia,14,Georgia's 14th,GA-14,REP,2,REP,Marjorie Taylor,Greene,H0GA06192,FALSE
Hawaii,1,Hawaii's 1st,HI-01,DEM,5,DEM,Ed,Case,H2HI02128,FALSE
Hawaii,1,Hawaii's 1st,HI-01,DEM,5,REP,TBD,,,FALSE
Hawaii,2,Hawaii's 2nd,HI-02,DEM,4,DEM,Jill,Tokuda,,FALSE
Hawaii,2,Hawaii's 2nd,HI-02,DEM,4,REP,TBD,,,FALSE
Idaho,1,Idaho's 1st,ID-01,REP,3,DEM,Kaylee,Peterson,,FALSE
Idaho,1,Idaho's 1st,ID-01,REP,3,REP,Russ,Fulcher,H8ID01124,FALSE
Idaho,2,Idaho's 2nd,ID-02,REP,13,DEM,David,Roth,,FALSE
Idaho,2,Idaho's 2nd,ID-02,REP,13,REP,Mike,Simpson,H8ID02064,FALSE
Illinois,1,Illinois's 1st,IL-01,DEM,1,DEM,Jonathan,Jackson,,FALSE
Illinois,1,Illinois's 1st,IL-01,DEM,1,REP,TBD,,,FALSE
Illinois,2,Illinois's 2nd,IL-02,DEM,6,DEM,Robin,Kelly,H2IL02172,FALSE
Illinois,2,Illinois's 2nd,IL-02,DEM,6,REP,Ashley,Ramos,,FALSE
Illinois,3,Illinois's 3rd,IL-03,DEM,1,DEM,Delia,Ramirez,,FALSE
Illinois,3,Illinois's 3rd,IL-03,DEM,1,REP,TBD,,,FALSE
Illinois,4,Illinois's 4th,IL-04,DEM,3,DEM,Chuy,García,H8IL04134,FALSE
Illinois,4,Illinois's 4th,IL-04,DEM,3,REP,TBD,,,FALSE
Illinois,5,Illinois's 5th,IL-05,DEM,8,DEM,Mike,Quigley,H0IL05096,FALSE
Illinois,5,Illinois's 5th,IL-05,DEM,8,REP,TBD,,,FALSE
Illinois,6,Illinois's 6th,IL-06,DEM,3,DEM,Sean,Casten,H8IL06139,FALSE
Illinois,6,Illinois's 6th,IL-06,DEM,3,REP,TBD,,,FALSE
Illinois,7,Illinois's 7th,IL-07,DEM,14,DEM,Danny,Davis,H4IL07037,FALSE
Illinois,7,Illinois's 7th,IL-07,DEM,14,REP,Chad,Koppie,,FALSE
Illinois,8,Illinois's 8th,IL-08,DEM,4,DEM,Raja,Krishnamoorthi,H6IL08147,FALSE
Illinois,8,Illinois's 8th,IL-08,DEM,4,REP,TBD,,,FALSE
Illinois,9,Illinois's 9th,IL-09,DEM,13,DEM,Jan,Schakowsky,H8IL09067,FALSE
Illinois,9,Illinois's 9th,IL-09,DEM,13,REP,TBD,,,FALSE
Illinois,10,Illinois's 10th,IL-10,DEM,5,DEM,Brad,Schneider,H2IL10068,FALSE
Illinois,10,Illinois's 10th,IL-10,DEM,5,REP,Joseph,Severino,,FALSE
Illinois,11,Illinois's 11th,IL-11,DEM,7,DEM,Bill,Foster,H8IL14067,FALSE
Illinois,11,Illinois's 11th,IL-11,DEM,7,REP,Kent,Mercado,,FALSE
Illinois,12,Illinois's 12th,IL-12,REP,5,DEM,TBD,,,FALSE
Illinois,12,Illinois's 12th,IL-12,REP,5,REP,Mike,Bost,H4IL12060,FALSE
Illinois,13,Illinois's 13th,IL-13,DEM,1,DEM,Nikki,Budzinski,,FALSE
Illinois,13,Illinois's 13th,IL-13,DEM,1,REP,TBD,,,FALSE
Illinois,14,Illinois's 14th,IL-14,DEM,3,DEM,Lauren,Underwood,H8IL14174,FALSE
Illinois,14,Illinois's 14th,IL-14,DEM,3,REP,TBD,,,FALSE
Illinois,15,Illinois's 15th,IL-15,REP,2,DEM,TBD,,,FALSE
Illinois,15,Illinois's 15th,IL-15,REP,2,REP,Mary,Miller,H0IL15129,FALSE
Illinois,16,Illinois's 16th,IL-16,REP,5,DEM,TBD,,,FALSE
Illinois,16,Illinois's 16th,IL-16,REP,5,REP,Darin,LaHood,H6IL18088,FALSE
Illinois,17,Illinois's 17th,IL-17,DEM,1,DEM,Eric,Sorensen,,FALSE
Illinois,17,Illinois's 17th,IL-17,DEM,1,REP,TBD,,,FALSE
Indiana,1,Indiana's 1st,IN-01,DEM,2,DEM,Frank,Mrvan,H0IN01150,FALSE
Indiana,1,Indiana's 1st,IN-01,DEM,2,REP,TBD,,,FALSE
Indiana,2,Indiana's 2nd,IN-02,REP,1,DEM,TBD,,,FALSE
Indiana,2,Indiana's 2nd,IN-02,REP,1,REP,Rudy,Yakym,,FALSE
Indiana,3,Indiana's 3rd,IN-03,None,4,DEM,TBD,,,FALSE
Indiana,3,Indiana's 3rd,IN-03,None,4,REP,TBD,,,FALSE
Indiana,4,Indiana's 4th,IN-04,REP,3,DEM,TBD,,,FALSE
Indiana,4,Indiana's 4th,IN-04,REP,3,REP,Jim,Baird,H8IN04199,FALSE
Indiana,5,Indiana's 5th,IN-05,None,2,DEM,TBD,,,FALSE
Indiana,5,Indiana's 5th,IN-05,None,2,REP,Victoria,Spartz,H0IN05326,FALSE
Indiana,6,Indiana's 6th,IN-06,REP,2,DEM,TBD,,,FALSE
Indiana,6,Indiana's 6th,IN-06,REP,2,REP,Greg,Pence,H8IN06129,FALSE
Indiana,7,Indiana's 7th,IN-07,DEM,9,DEM,André,Carson,H8IN07184,FALSE
Indiana,7,Indiana's 7th,IN-07,DEM,9,REP,Gabe,Whitley,,FALSE
Indiana,8,Indiana's 8th,IN-08,REP,7,DEM,Kellie,Moore,,FALSE
Indiana,8,Indiana's 8th,IN-08,REP,7,REP,Larry,Bucshon,H0IN08114,FALSE
Indiana,9,Indiana's 9th,IN-09,REP,1,DEM,TBD,,,FALSE
Indiana,9,Indiana's 9th,IN-09,REP,1,REP,Erin,Houchin,,FALSE
Iowa,1,Iowa's 1st,IA-01,REP,2,DEM,Christina,Bohannan,,FALSE
Iowa,1,Iowa's 1st,IA-01,REP,2,REP,Mariannette,Miller-Meeks,H0IA02180,FALSE
Iowa,2,Iowa's 2nd,IA-02,REP,2,DEM,Sarah,Corkery,,FALSE
Iowa,2,Iowa's 2nd,IA-02,REP,2,REP,Ashley,Hinson,H0IA01174,FALSE
Iowa,3,Iowa's 3rd,IA-03,REP,1,DEM,Lanon,Baccam,,FALSE
Iowa,3,Iowa's 3rd,IA-03,REP,1,REP,Zach,Nunn,,FALSE
Iowa,4,Iowa's 4th,IA-04,REP,2,DEM,TBD,,,FALSE
Iowa,4,Iowa's 4th,IA-04,REP,2,REP,Randy,Feenstra,H0IA04145,FALSE
Kansas,1,Kansas's 1st,KS-01,REP,2,DEM,TBD,,,FALSE
Kansas,1,Kansas's 1st,KS-01,REP,2,REP,Tracey,Mann,H0KS01123,FALSE
Kansas,2,Kansas's 2nd,KS-02,REP,2,DEM,TBD,,,FALSE
Kansas,2,Kansas's 2nd,KS-02,REP,2,REP,Jake,LaTurner,,FALSE
Kansas,3,Kansas's 3rd,KS-03,DEM,3,DEM,Sharice,Davids,H8KS03155,FALSE
Kansas,3,Kansas's 3rd,KS-03,DEM,3,REP,TBD,,,FALSE
Kansas,4,Kansas's 4th,KS-04,REP,4,DEM,TBD,,,FALSE
Kansas,4,Kansas's 4th,KS-04,REP,4,REP,Ron,Estes,H8KS04112,FALSE
Kentucky,1,Kentucky's 1st,KY-01,REP,4,DEM,TBD,,,FALSE
Kentucky,1,Kentucky's 1st,KY-01,REP,4,REP,James,Comer,H6KY01110,FALSE
Kentucky,2,Kentucky's 2nd,KY-02,REP,8,DEM,TBD,,,FALSE
Kentucky,2,Kentucky's 2nd,KY-02,REP,8,REP,Brett,Guthrie,H8KY02031,FALSE
Kentucky,3,Kentucky's 3rd,KY-03,DEM,1,DEM,Morgan,McGarvey,,FALSE
Kentucky,3,Kentucky's 3rd,KY-03,DEM,1,REP,TBD,,,FALSE
Kentucky,4,Kentucky's 4th,KY-04,REP,6,DEM,TBD,,,FALSE
Kentucky,4,Kentucky's 4th,KY-04,REP,6,REP,Thomas,Massie,H2KY04121,FALSE
Kentucky,5,Kentucky's 5th,KY-05,REP,22,DEM,TBD,,,FALSE
Kentucky,5,Kentucky's 5th,KY-05,REP,22,REP,Hal,Rogers,H0KY05015,FALSE
Kentucky,6,Kentucky's 6th,KY-06,REP,6,DEM,TBD,,,FALSE
Kentucky,6,Kentucky's 6th,KY-06,REP,6,REP,Andy,Barr,H0KY06104,FALSE
Louisiana,1,Louisiana's 1st,LA-01,REP,9,DEM,Mel,Manuel,,FALSE
Louisiana,1,Louisiana's 1st,LA-01,REP,9,REP,Steve,Scalise,H0LA01087,FALSE
Louisiana,2,Louisiana's 2nd,LA-02,DEM,2,DEM,Troy,Carter,,FALSE
Louisiana,2,Louisiana's 2nd,LA-02,DEM,2,REP,TBD,,,FALSE
Louisiana,3,Louisiana's 3rd,LA-03,REP,4,DEM,TBD,,,FALSE
Louisiana,3,Louisiana's 3rd,LA-03,REP,4,REP,Clay,Higgins,H6LA03148,FALSE
Louisiana,4,Louisiana's 4th,LA-04,REP,4,DEM,TBD,,,FALSE
Louisiana,4,Louisiana's 4th,LA-04,REP,4,REP,Mike,Johnson,H6LA04138,FALSE
Louisiana,5,Louisiana's 5th,LA-05,None,2,DEM,TBD,,,FALSE
Louisiana,5,Louisiana's 5th,LA-05,None,2,REP,Julia,Letlow,,FALSE
Louisiana,6,Louisiana's 6th,LA-06,REP,5,DEM,TBD,,,FALSE
Louisiana,6,Louisiana's 6th,LA-06,REP,5,REP,Garret,Graves,H4LA06153,FALSE
Maine,1,Maine's 1st,ME-01,DEM,8,DEM,Chellie,Pingree,H8ME01120,FALSE
Maine,1,Maine's 1st,ME-01,DEM,8,REP,Andrew,Piantidosi,,FALSE
Maine,2,Maine's 2nd,ME-02,DEM,3,DEM,Jared,Golden,H8ME02185,FALSE
Maine,2,Maine's 2nd,ME-02,DEM,3,REP,TBD,,,FALSE
Maryland,1,Maryland's 1st,MD-01,REP,7,DEM,TBD,,,FALSE
Maryland,1,Maryland's 1st,MD-01,REP,7,REP,Andy,Harris,H8MD01094,FALSE
Maryland,2,Maryland's 2nd,MD-02,DEM,11,DEM,Dutch,Ruppersberger,H2MD02160,FALSE
Maryland,2,Maryland's 2nd,MD-02,DEM,11,REP,TBD,,,FALSE
Maryland,3,Maryland's 3rd,MD-03,None,9,DEM,TBD,,,FALSE
Maryland,3,Maryland's 3rd,MD-03,None,9,REP,Berney,Flowers,,FALSE
Maryland,4,Maryland's 4th,MD-04,DEM,1,DEM,Glenn,Ivey,H6MD04209,FALSE
Maryland,4,Maryland's 4th,MD-04,DEM,1,REP,TBD,,,FALSE
Maryland,5,Maryland's 5th,MD-05,DEM,22,DEM,Steny,Hoyer,H2MD05155,FALSE
Maryland,5,Maryland's 5th,MD-05,DEM,22,REP,TBD,,,FALSE
Maryland,6,Maryland's 6th,MD-06,None,3,DEM,TBD,,,FALSE
Maryland,6,Maryland's 6th,MD-06,None,3,REP,TBD,,,FALSE
Maryland,7,Maryland's 7th,MD-07,DEM,8,DEM,Kweisi,Mfume,H6MD07020,FALSE
Maryland,7,Maryland's 7th,MD-07,DEM,8,REP,TBD,,,FALSE
Maryland,8,Maryland's 8th,MD-08,DEM,4,DEM,Jamie,Raskin,H6MD08457,FALSE
Maryland,8,Maryland's 8th,MD-08,DEM,4,REP,TBD,,,FALSE
Massachusetts,1,Massachusetts's 1st,MA-01,DEM,18,DEM,Richard,Neal,H8MA02041,FALSE
Massachusetts,1,Massachusetts's 1st,MA-01,DEM,18,REP,TBD,,,FALSE
Massachusetts,2,Massachusetts's 2nd,MA-02,DEM,14,DEM,Jim,McGovern,H4MA03022,FALSE
Massachusetts,2,Massachusetts's 2nd,MA-02,DEM,14,REP,TBD,,,FALSE
Massachusetts,3,Massachusetts's 3rd,MA-03,DEM,3,DEM,Lori,Trahan,H8MA03106,FALSE
Massachusetts,3,Massachusetts's 3rd,MA-03,DEM,3,REP,TBD,,,FALSE
Massachusetts,4,Massachusetts's 4th,MA-04,None,2,DEM,Jake,Auchincloss,H0MA04192,FALSE
Massachusetts,4,Massachusetts's 4th,MA-04,None,2,REP,TBD,,,FALSE
Massachusetts,5,Massachusetts's 5th,MA-05,DEM,6,DEM,Katherine,Clark,H4MA05084,FALSE
Massachusetts,5,Massachusetts's 5th,MA-05,DEM,6,REP,TBD,,,FALSE
Massachusetts,6,Massachusetts's 6th,MA-06,DEM,5,DEM,Seth,Moulton,H4MA06090,FALSE
Massachusetts,6,Massachusetts's 6th,MA-06,DEM,5,REP,TBD,,,FALSE
Massachusetts,7,Massachusetts's 7th,MA-07,DEM,3,DEM,Ayanna,Pressley,H8MA07032,FALSE
Massachusetts,7,Massachusetts's 7th,MA-07,DEM,3,REP,TBD,,,FALSE
Massachusetts,8,Massachusetts's 8th,MA-08,DEM,12,DEM,Stephen,Lynch,H2MA09072,FALSE
Massachusetts,8,Massachusetts's 8th,MA-08,DEM,12,REP,TBD,,,FALSE
Massachusetts,9,Massachusetts's 9th,MA-09,DEM,7,DEM,Bill,Keating,H0MA10082,FALSE
Massachusetts,9,Massachusetts's 9th,MA-09,DEM,7,REP,TBD,,,FALSE
Michigan,1,Michigan's 1st,MI-01,REP,4,DEM,TBD,,,FALSE
Michigan,1,Michigan's 1st,MI-01,REP,4,REP,Jack,Bergman,H6MI01226,FALSE
Michigan,2,Michigan's 2nd,MI-02,REP,5,DEM,Michael,Lynch,,FALSE
Michigan,2,Michigan's 2nd,MI-02,REP,5,REP,John,Moolenaar,H4MI04126,FALSE
Michigan,3,Michigan's 3rd,MI-03,DEM,5,DEM,Hillary,Scholten,H0MI03316,FALSE
Michigan,3,Michigan's 3rd,MI-03,DEM,5,REP,TBD,,,FALSE
Michigan,4,Michigan's 4th,MI-04,REP,7,DEM,TBD,,,FALSE
Michigan,4,Michigan's 4th,MI-04,REP,7,REP,Bill,Huizenga,H0MI02094,FALSE
Michigan,5,Michigan's 5th,MI-05,REP,8,DEM,TBD,,,FALSE
Michigan,5,Michigan's 5th,MI-05,REP,8,REP,Tim,Walberg,H4MI07103,FALSE
Michigan,6,Michigan's 6th,MI-06,DEM,5,DEM,Debbie,Dingell,H4MI12079,FALSE
Michigan,6,Michigan's 6th,MI-06,DEM,5,REP,TBD,,,FALSE
Michigan,7,Michigan's 7th,MI-07,None,3,DEM,Curtis,Hertel Jr.,H0MI07150,FALSE
Michigan,7,Michigan's 7th,MI-07,None,3,REP,Tom,Barrett,,FALSE
Michigan,8,Michigan's 8th,MI-08,DEM,6,DEM,Dan,Kildee,H2MI05119,FALSE
Michigan,8,Michigan's 8th,MI-08,DEM,6,REP,Martin,Blank,,FALSE
Michigan,9,Michigan's 9th,MI-09,DEM,2,DEM,TBD,,,FALSE
Michigan,9,Michigan's 9th,MI-09,DEM,2,REP,Lisa,McClain,H0MI10287,FALSE
Michigan,10,Michigan's 10th,MI-10,REP,2,DEM,TBD,,,FALSE
Michigan,10,Michigan's 10th,MI-10,REP,2,REP,John,James,,FALSE
Michigan,11,Michigan's 11th,MI-11,DEM,3,DEM,Haley,Stevens,H8MI11254,FALSE
Michigan,11,Michigan's 11th,MI-11,DEM,3,REP,TBD,,,FALSE
Michigan,12,Michigan's 12th,MI-12,DEM,3,DEM,Rashida,Tlaib,H8MI13250,FALSE
Michigan,12,Michigan's 12th,MI-12,DEM,3,REP,TBD,,,FALSE
Michigan,13,Michigan's 13th,MI-13,DEM,1,DEM,Shri,Thanedar,,FALSE
Michigan,13,Michigan's 13th,MI-13,DEM,1,REP,TBD,,,FALSE
Minnesota,1,Minnesota's 1st,MN-01,REP,1,DEM,TBD,,,FALSE
Minnesota,1,Minnesota's 1st,MN-01,REP,1,REP,Brad,Finstad,,FALSE
Minnesota,2,Minnesota's 2nd,MN-02,DEM,3,DEM,Angie,Craig,H6MN02131,FALSE
Minnesota,2,Minnesota's 2nd,MN-02,DEM,3,REP,TBD,,,FALSE
Minnesota,3,Minnesota's 3rd,MN-03,None,3,DEM,TBD,,,FALSE
Minnesota,3,Minnesota's 3rd,MN-03,None,3,REP,TBD,,,FALSE
Minnesota,4,Minnesota's 4th,MN-04,DEM,12,DEM,Betty,McCollum,H0MN04049,FALSE
Minnesota,4,Minnesota's 4th,MN-04,DEM,12,REP,Mike,Casey,,FALSE
Minnesota,5,Minnesota's 5th,MN-05,DEM,3,DEM,Ilhan,Omar,H8MN05239,FALSE
Minnesota,5,Minnesota's 5th,MN-05,DEM,3,REP,Dalia,al-Aqidi,,FALSE
Minnesota,6,Minnesota's 6th,MN-06,REP,5,DEM,TBD,,,FALSE
Minnesota,6,Minnesota's 6th,MN-06,REP,5,REP,Tom,Emmer,H4MN06087,FALSE
Minnesota,7,Minnesota's 7th,MN-07,REP,2,DEM,TBD,,,FALSE
Minnesota,7,Minnesota's 7th,MN-07,REP,2,REP,Michelle,Fischbach,H0MN07091,FALSE
Minnesota,8,Minnesota's 8th,MN-08,REP,3,DEM,Jennifer,Schultz,,FALSE
Minnesota,8,Minnesota's 8th,MN-08,REP,3,REP,Pete,Stauber,H8MN08043,FALSE
Mississippi,1,Mississippi's 1st,MS-01,REP,5,DEM,TBD,,,FALSE
Mississippi,1,Mississippi's 1st,MS-01,REP,5,REP,Trent,Kelly,H6MS01131,FALSE
Mississippi,2,Mississippi's 2nd,MS-02,DEM,16,DEM,Bennie,Thompson,H4MS02068,FALSE
Mississippi,2,Mississippi's 2nd,MS-02,DEM,16,REP,TBD,,,FALSE
Mississippi,3,Mississippi's 3rd,MS-03,REP,3,DEM,TBD,,,FALSE
Mississippi,3,Mississippi's 3rd,MS-03,REP,3,REP,Michael,Guest,H8MS03125,FALSE
Mississippi,4,Mississippi's 4th,MS-04,REP,1,DEM,None,,,FALSE
Mississippi,4,Mississippi's 4th,MS-04,REP,1,REP,Mike,Ezell,,FALSE
Missouri,1,Missouri's 1st,MO-01,DEM,2,DEM,Cori,Bush,H8MO01143,FALSE
Missouri,1,Missouri's 1st,MO-01,DEM,2,REP,TBD,,,FALSE
Missouri,2,Missouri's 2nd,MO-02,REP,6,DEM,TBD,,,FALSE
Missouri,2,Missouri's 2nd,MO-02,REP,6,REP,Ann,Wagner,H2MO02102,FALSE
Missouri,3,Missouri's 3rd,MO-03,REP,8,DEM,Jon,Karlen,,FALSE
Missouri,3,Missouri's 3rd,MO-03,REP,8,REP,Blaine,Luetkemeyer,H8MO09153,FALSE
Missouri,4,Missouri's 4th,MO-04,REP,1,DEM,TBD,,,FALSE
Missouri,4,Missouri's 4th,MO-04,REP,1,REP,Mark,Alford,,FALSE
Missouri,5,Missouri's 5th,MO-05,DEM,10,DEM,Emmanuel,Cleaver,H4MO05234,FALSE
Missouri,5,Missouri's 5th,MO-05,DEM,10,REP,TBD,,,FALSE
Missouri,6,Missouri's 6th,MO-06,REP,12,DEM,Erik,Richardson,,FALSE
Missouri,6,Missouri's 6th,MO-06,REP,12,REP,Sam,Graves,H0MO06073,FALSE
Missouri,7,Missouri's 7th,MO-07,REP,1,DEM,TBD,,,FALSE
Missouri,7,Missouri's 7th,MO-07,REP,1,REP,Eric,Burlison,,FALSE
Missouri,8,Missouri's 8th,MO-08,REP,6,DEM,Randi,McCallian,,FALSE
Missouri,8,Missouri's 8th,MO-08,REP,6,REP,Jason,Smith,H4MO08162,FALSE
Montana,1,Montana's 1st,MT-01,REP,3,DEM,Monica,Tranel,,FALSE
Montana,1,Montana's 1st,MT-01,REP,3,REP,Ryan,Zinke,,FALSE
Montana,2,Montana's 2nd,MT-02,REP,2,DEM,TBD,,,FALSE
Montana,2,Montana's 2nd,MT-02,REP,2,REP,Matt,Rosendale,H4MT00050,FALSE
Nebraska,1,Nebraska's 1st,NE-01,REP,1,DEM,TBD,,,FALSE
Nebraska,1,Nebraska's 1st,NE-01,REP,1,REP,Mike,Flood,H4NE01064,FALSE
Nebraska,2,Nebraska's 2nd,NE-02,REP,4,DEM,Tony,Vargas,,FALSE
Nebraska,2,Nebraska's 2nd,NE-02,REP,4,REP,Don,Bacon,H6NE02125,FALSE
Nebraska,3,Nebraska's 3rd,NE-03,REP,9,DEM,TBD,,,FALSE
Nebraska,3,Nebraska's 3rd,NE-03,REP,9,REP,Adrian,Smith,H6NE03115,FALSE
Nevada,1,Nevada's 1st,NV-01,DEM,7,DEM,Dina,Titus,H8NV03036,FALSE
Nevada,1,Nevada's 1st,NV-01,DEM,7,REP,TBD,,,FALSE
Nevada,2,Nevada's 2nd,NV-02,REP,7,DEM,TBD,,,FALSE
Nevada,2,Nevada's 2nd,NV-02,REP,7,REP,Mark,Amodei,H2NV02395,FALSE
Nevada,3,Nevada's 3rd,NV-03,DEM,3,DEM,Susie,Lee,H6NV04020,FALSE
Nevada,3,Nevada's 3rd,NV-03,DEM,3,REP,TBD,,,FALSE
Nevada,4,Nevada's 4th,NV-04,DEM,4,DEM,Steven,Horsford,H2NV04011,FALSE
Nevada,4,Nevada's 4th,NV-04,DEM,4,REP,TBD,,,FALSE
New Hampshire,1,New Hampshire's 1st,NH-01,DEM,3,DEM,Chris,Pappas,H8NH01210,FALSE
New Hampshire,1,New Hampshire's 1st,NH-01,DEM,3,REP,TBD,,,FALSE
New Hampshire,2,New Hampshire's 2nd,NH-02,DEM,6,DEM,Annie,Kuster,H0NH02181,FALSE
New Hampshire,2,New Hampshire's 2nd,NH-02,DEM,6,REP,TBD,,,FALSE
New Jersey,1,New Jersey's 1st,NJ-01,DEM,5,DEM,Donald,Norcross,H4NJ01084,FALSE
New Jersey,1,New Jersey's 1st,NJ-01,DEM,5,REP,Damon,Galdo,,FALSE
New Jersey,2,New Jersey's 2nd,NJ-02,REP,3,DEM,TBD,,,FALSE
New Jersey,2,New Jersey's 2nd,NJ-02,REP,3,REP,Jeff,Van Drew,H8NJ02166,FALSE
New Jersey,3,New Jersey's 3rd,NJ-03,None,3,DEM,Carol,Murphy,,FALSE
New Jersey,3,New Jersey's 3rd,NJ-03,None,3,REP,TBD,,,FALSE
New Jersey,4,New Jersey's 4th,NJ-04,REP,22,DEM,TBD,,,FALSE
New Jersey,4,New Jersey's 4th,NJ-04,REP,22,REP,Chris,Smith,H8NJ04014,FALSE
New Jersey,5,New Jersey's 5th,NJ-05,DEM,4,DEM,Josh,Gottheimer,H6NJ05171,FALSE
New Jersey,5,New Jersey's 5th,NJ-05,DEM,4,REP,TBD,,,FALSE
New Jersey,6,New Jersey's 6th,NJ-06,DEM,18,DEM,Frank,Pallone,H8NJ03073,FALSE
New Jersey,6,New Jersey's 6th,NJ-06,DEM,18,REP,TBD,,,FALSE
New Jersey,7,New Jersey's 7th,NJ-07,DEM,1,DEM,TBD,,,FALSE
New Jersey,7,New Jersey's 7th,NJ-07,DEM,1,REP,Thomas,Kean Jr.,H0NJ07261,FALSE
New Jersey,8,New Jersey's 8th,NJ-08,DEM,1,DEM,Rob,Menendez,,FALSE
New Jersey,8,New Jersey's 8th,NJ-08,DEM,1,REP,TBD,,,FALSE
New Jersey,9,New Jersey's 9th,NJ-09,DEM,14,DEM,Bill,Pascrell,H6NJ08118,FALSE
New Jersey,9,New Jersey's 9th,NJ-09,DEM,14,REP,Billy,Prempeh,H0NJ09200,FALSE
New Jersey,10,New Jersey's 10th,NJ-10,DEM,6,DEM,Donald,Payne,H2NJ10154,FALSE
New Jersey,10,New Jersey's 10th,NJ-10,DEM,6,REP,TBD,,,FALSE
New Jersey,11,New Jersey's 11th,NJ-11,DEM,3,DEM,Mikie,Sherrill,H8NJ11142,FALSE
New Jersey,11,New Jersey's 11th,NJ-11,DEM,3,REP,TBD,,,FALSE
New Jersey,12,New Jersey's 12th,NJ-12,DEM,5,DEM,Bonnie,Watson Coleman,H4NJ12149,FALSE
New Jersey,12,New Jersey's 12th,NJ-12,DEM,5,REP,Darius,Mayfield,,FALSE
New Mexico,1,New Mexico's 1st,NM-01,DEM,2,DEM,Melanie,Stansbury,,FALSE
New Mexico,1,New Mexico's 1st,NM-01,DEM,2,REP,TBD,,,FALSE
New Mexico,2,New Mexico's 2nd,NM-02,DEM,1,DEM,Gabe,Vasquez,,FALSE
New Mexico,2,New Mexico's 2nd,NM-02,DEM,1,REP,Yvette,Herrell,H8NM02156,FALSE
New Mexico,3,New Mexico's 3rd,NM-03,DEM,2,DEM,Teresa,Leger Fernandez,H0NM03102,FALSE
New Mexico,3,New Mexico's 3rd,NM-03,DEM,2,REP,Sharon,Clahchischilliage,H0NM03201,FALSE
New York,1,New York's 1st,NY-01,REP,1,DEM,TBD,,,FALSE
New York,1,New York's 1st,NY-01,REP,1,REP,Nick,LaLota,,FALSE
New York,2,New York's 2nd,NY-02,REP,2,DEM,TBD,,,FALSE
New York,2,New York's 2nd,NY-02,REP,2,REP,Andrew,Garbarino,H0NY02234,FALSE
New York,3,New York's 3rd,NY-03,REP,1,DEM,Tom,Suozzi,H6NY03247,FALSE
New York,3,New York's 3rd,NY-03,REP,1,REP,George,Santos,H0NY03083,FALSE
New York,4,New York's 4th,NY-04,REP,1,DEM,,,,FALSE
New York,4,New York's 4th,NY-04,REP,1,REP,Anthony,D'Esposito,,FALSE
New York,5,New York's 5th,NY-05,DEM,13,DEM,Gregory,Meeks,H8NY06048,FALSE
New York,5,New York's 5th,NY-05,DEM,13,REP,TBD,,,FALSE
New York,6,New York's 6th,NY-06,DEM,6,DEM,Grace,Meng,H2NY06116,FALSE
New York,6,New York's 6th,NY-06,DEM,6,REP,TBD,,,FALSE
New York,7,New York's 7th,NY-07,DEM,16,DEM,Nydia,Velázquez,H2NY00010,FALSE
New York,7,New York's 7th,NY-07,DEM,16,REP,TBD,,,FALSE
New York,8,New York's 8th,NY-08,DEM,6,DEM,Hakeem,Jeffries,H2NY10092,FALSE
New York,8,New York's 8th,NY-08,DEM,6,REP,TBD,,,FALSE
New York,9,New York's 9th,NY-09,DEM,9,DEM,Yvette,Clarke,H4NY11138,FALSE
New York,9,New York's 9th,NY-09,DEM,9,REP,TBD,,,FALSE
New York,10,New York's 10th,NY-10,DEM,1,DEM,Dan,Goldman,,FALSE
New York,10,New York's 10th,NY-10,DEM,1,REP,TBD,,,FALSE
New York,11,New York's 11th,NY-11,REP,2,DEM,TBD,,,FALSE
New York,11,New York's 11th,NY-11,REP,2,REP,Nicole,Malliotakis,H0NY11078,FALSE
New York,12,New York's 12th,NY-12,DEM,16,DEM,Jerry,Nadler,H2NY17071,FALSE
New York,12,New York's 12th,NY-12,DEM,16,REP,TBD,,,FALSE
New York,13,New York's 13th,NY-13,DEM,6,DEM,Adriano,Espaillat,H2NY13096,FALSE
New York,13,New York's 13th,NY-13,DEM,6,REP,TBD,,,FALSE
New York,14,New York's 14th,NY-14,DEM,3,DEM,Alexandria,Ocasio-Cortez,H8NY15148,FALSE
New York,14,New York's 14th,NY-14,DEM,3,REP,TBD,,,FALSE
New York,15,New York's 15th,NY-15,DEM,2,DEM,Ritchie,Torres,H0NY15160,FALSE
New York,15,New York's 15th,NY-15,DEM,2,REP,TBD,,,FALSE
New York,16,New York's 16th,NY-16,DEM,2,DEM,Jamaal,Bowman,H0NY16143,FALSE
New York,16,New York's 16th,NY-16,DEM,2,REP,Madeline,Brame,,FALSE
New York,17,New York's 17th,NY-17,REP,1,DEM,Mondaire,Jones,H0NY17174,FALSE
New York,17,New York's 17th,NY-17,REP,1,REP,Mike,Lawler,,FALSE
New York,18,New York's 18th,NY-18,DEM,1,DEM,Pat,Ryan,H2NY22139,FALSE
New York,18,New York's 18th,NY-18,DEM,1,REP,TBD,,,FALSE
New York,19,New York's 19th,NY-19,REP,1,DEM,Josh,Riley,,FALSE
New York,19,New York's 19th,NY-19,REP,1,REP,Marc,Molinaro,,FALSE
New York,20,New York's 20th,NY-20,DEM,8,DEM,Paul,Tonko,H8NY21203,FALSE
New York,20,New York's 20th,NY-20,DEM,8,REP,TBD,,,FALSE
New York,21,New York's 21st,NY-21,REP,5,DEM,Steven,Holden,,FALSE
New York,21,New York's 21st,NY-21,REP,5,REP,Elise,Stefanik,H4NY21079,FALSE
New York,22,New York's 22nd,NY-22,REP,1,DEM,TBD,,,FALSE
New York,22,New York's 22nd,NY-22,REP,1,REP,Brandon,Williams,,FALSE
New York,23,New York's 23rd,NY-23,REP,1,DEM,TBD,,,FALSE
New York,23,New York's 23rd,NY-23,REP,1,REP,Nick,Langworthy,,FALSE
New York,24,New York's 24th,NY-24,REP,3,DEM,TBD,,,FALSE
New York,24,New York's 24th,NY-24,REP,3,REP,Claudia,Tenney,H4NY22051,FALSE
New York,25,New York's 25th,NY-25,DEM,3,DEM,Joseph,Morelle,H8NY25105,FALSE
New York,25,New York's 25th,NY-25,DEM,3,REP,TBD,,,FALSE
New York,26,New York's 26th,NY-26,DEM,10,DEM,Brian,Higgins,H4NY27076,FALSE
New York,26,New York's 26th,NY-26,DEM,10,REP,TBD,,,FALSE
North Carolina,1,North Carolina's 1st,NC-01,DEM,1,DEM,Don,Davis,,FALSE
North Carolina,1,North Carolina's 1st,NC-01,DEM,1,REP,TBD,,,FALSE
North Carolina,2,North Carolina's 2nd,NC-02,DEM,2,DEM,Deborah,Ross,H0NC02125,FALSE
North Carolina,2,North Carolina's 2nd,NC-02,DEM,2,REP,TBD,,,FALSE
North Carolina,3,North Carolina's 3rd,NC-03,REP,3,DEM,TBD,,,FALSE
North Carolina,3,North Carolina's 3rd,NC-03,REP,3,REP,Greg,Murphy,H0NC03172,FALSE
North Carolina,4,North Carolina's 4th,NC-04,DEM,1,DEM,Valerie,Foushee,,FALSE
North Carolina,4,North Carolina's 4th,NC-04,DEM,1,REP,TBD,,,FALSE
North Carolina,5,North Carolina's 5th,NC-05,REP,10,DEM,Chuck,Hubbard,,FALSE
North Carolina,5,North Carolina's 5th,NC-05,REP,10,REP,Virginia,Foxx,H4NC05146,FALSE
North Carolina,6,North Carolina's 6th,NC-06,None,2,DEM,TBD,,,FALSE
North Carolina,6,North Carolina's 6th,NC-06,None,2,REP,TBD,,,FALSE
North Carolina,7,North Carolina's 7th,NC-07,REP,5,DEM,TBD,,,FALSE
North Carolina,7,North Carolina's 7th,NC-07,REP,5,REP,David,Rouzer,H2NC07096,FALSE
North Carolina,8,North Carolina's 8th,NC-08,None,3,DEM,TBD,,,FALSE
North Carolina,8,North Carolina's 8th,NC-08,None,3,REP,TBD,,,FALSE
North Carolina,9,North Carolina's 9th,NC-09,REP,6,DEM,TBD,,,FALSE
North Carolina,9,North Carolina's 9th,NC-09,REP,6,REP,Richard,Hudson,H2NC08185,FALSE
North Carolina,10,North Carolina's 10th,NC-10,REP,10,DEM,TBD,,,FALSE
North Carolina,10,North Carolina's 10th,NC-10,REP,10,REP,Patrick,McHenry,H4NC10047,FALSE
North Carolina,11,North Carolina's 11th,NC-11,REP,1,DEM,TBD,,,FALSE
North Carolina,11,North Carolina's 11th,NC-11,REP,1,REP,Christian,Reagan,,FALSE
North Carolina,12,North Carolina's 12th,NC-12,DEM,5,DEM,Alma,Adams,H4NC12100,FALSE
North Carolina,12,North Carolina's 12th,NC-12,DEM,5,REP,Eric,Levinson,,FALSE
North Carolina,13,North Carolina's 13th,NC-13,None,1,DEM,TBD,,,FALSE
North Carolina,13,North Carolina's 13th,NC-13,None,1,REP,TBD,,,FALSE
North Carolina,14,North Carolina's 14th,NC-14,None,1,DEM,TBD,,,FALSE
North Carolina,14,North Carolina's 14th,NC-14,None,1,REP,TBD,,,FALSE
North Dakota,1,North Dakota's at-large,ND-AL,REP,3,DEM,TBD,,,FALSE
North Dakota,1,North Dakota's at-large,ND-AL,REP,3,REP,Kelly,Armstrong,H8ND00096,FALSE
Ohio,1,Ohio's 1st,OH-01,DEM,1,DEM,Greg,Landsman,,FALSE
Ohio,1,Ohio's 1st,OH-01,DEM,1,REP,Orlando,Sonza,,FALSE
Ohio,2,Ohio's 2nd,OH-02,None,6,DEM,TBD,,,FALSE
Ohio,2,Ohio's 2nd,OH-02,None,6,REP,TBD,,,FALSE
Ohio,3,Ohio's 3rd,OH-03,DEM,6,DEM,Joyce,Beatty,H2OH03125,FALSE
Ohio,3,Ohio's 3rd,OH-03,DEM,6,REP,TBD,,,FALSE
Ohio,4,Ohio's 4th,OH-04,REP,9,DEM,TBD,,,FALSE
Ohio,4,Ohio's 4th,OH-04,REP,9,REP,Jim,Jordan,H6OH04082,FALSE
Ohio,5,Ohio's 5th,OH-05,REP,8,DEM,TBD,,,FALSE
Ohio,5,Ohio's 5th,OH-05,REP,8,REP,Bob,Latta,H8OH05036,FALSE
Ohio,6,Ohio's 6th,OH-06,REP,7,DEM,TBD,,,FALSE
Ohio,6,Ohio's 6th,OH-06,REP,7,REP,Bill,Johnson,H0OH06189,FALSE
Ohio,7,Ohio's 7th,OH-07,REP,1,DEM,TBD,,,FALSE
Ohio,7,Ohio's 7th,OH-07,REP,1,REP,Max,Miller,,FALSE
Ohio,8,Ohio's 8th,OH-08,REP,5,DEM,TBD,,,FALSE
Ohio,8,Ohio's 8th,OH-08,REP,5,REP,Warren,Davidson,H6OH08315,FALSE
Ohio,9,Ohio's 9th,OH-09,DEM,21,DEM,Marcy,Kaptur,H2OH09031,FALSE
Ohio,9,Ohio's 9th,OH-09,DEM,21,REP,TBD,,,FALSE
Ohio,10,Ohio's 10th,OH-10,REP,11,DEM,TBD,,,FALSE
Ohio,10,Ohio's 10th,OH-10,REP,11,REP,Mike,Turner,H2OH03067,FALSE
Ohio,11,Ohio's 11th,OH-11,DEM,2,DEM,Shontel,Brown,,FALSE
Ohio,11,Ohio's 11th,OH-11,DEM,2,REP,TBD,,,FALSE
Ohio,12,Ohio's 12th,OH-12,REP,4,DEM,TBD,,,FALSE
Ohio,12,Ohio's 12th,OH-12,REP,4,REP,Troy,Balderson,H8OH12180,FALSE
Ohio,13,Ohio's 13th,OH-13,DEM,1,DEM,Emilia,Sykes,,FALSE
Ohio,13,Ohio's 13th,OH-13,DEM,1,REP,TBD,,,FALSE
Ohio,14,Ohio's 14th,OH-14,REP,6,DEM,TBD,,,FALSE
Ohio,14,Ohio's 14th,OH-14,REP,6,REP,David,Joyce,H2OH14064,FALSE
Ohio,15,Ohio's 15th,OH-15,REP,2,DEM,Zerqa,Abid,,FALSE
Ohio,15,Ohio's 15th,OH-15,REP,2,REP,Mike,Carey,,FALSE
Oklahoma,1,Oklahoma's 1st,OK-01,REP,3,DEM,TBD,,,FALSE
Oklahoma,1,Oklahoma's 1st,OK-01,REP,3,REP,Kevin,Hern,H8OK01157,FALSE
Oklahoma,2,Oklahoma's 2nd,OK-02,REP,1,DEM,Brandon,Wade,,FALSE
Oklahoma,2,Oklahoma's 2nd,OK-02,REP,1,REP,Josh,Brecheen,,FALSE
Oklahoma,3,Oklahoma's 3rd,OK-03,REP,15,DEM,TBD,,,FALSE
Oklahoma,3,Oklahoma's 3rd,OK-03,REP,15,REP,Frank,Lucas,H4OK06056,FALSE
Oklahoma,4,Oklahoma's 4th,OK-04,REP,11,DEM,TBD,,,FALSE
Oklahoma,4,Oklahoma's 4th,OK-04,REP,11,REP,Tom,Cole,H2OK04055,FALSE
Oklahoma,5,Oklahoma's 5th,OK-05,DEM,2,DEM,Madison,Horn,,FALSE
Oklahoma,5,Oklahoma's 5th,OK-05,DEM,2,REP,Stephanie,Bice,H0OK05205,FALSE
Oregon,1,Oregon's 1st,OR-01,DEM,7,DEM,Suzanne,Bonamici,H2OR01133,FALSE
Oregon,1,Oregon's 1st,OR-01,DEM,7,REP,TBD,,,FALSE
Oregon,2,Oregon's 2nd,OR-02,REP,2,DEM,TBD,,,FALSE
Oregon,2,Oregon's 2nd,OR-02,REP,2,REP,Cliff,Bentz,H0OR02127,FALSE
Oregon,3,Oregon's 3rd,OR-03,None,14,DEM,TBD,,,FALSE
Oregon,3,Oregon's 3rd,OR-03,None,14,REP,TBD,,,FALSE
Oregon,4,Oregon's 4th,OR-04,DEM,1,DEM,Val,Hoyle,,FALSE
Oregon,4,Oregon's 4th,OR-04,DEM,1,REP,TBD,,,FALSE
Oregon,5,Oregon's 5th,OR-05,REP,1,DEM,TBD,,,FALSE
Oregon,5,Oregon's 5th,OR-05,REP,1,REP,Lori,Chavez-DeRemer,,FALSE
Oregon,6,Oregon's 6th,OR-06,DEM,1,DEM,Andrea,Salinas,,FALSE
Oregon,6,Oregon's 6th,OR-06,DEM,1,REP,TBD,,,FALSE
Pennsylvania,1,Pennsylvania's 1st,PA-01,REP,4,DEM,Ashley,Ehasz,,FALSE
Pennsylvania,1,Pennsylvania's 1st,PA-01,REP,4,REP,Brian,Fitzpatrick,H6PA08277,FALSE
Pennsylvania,2,Pennsylvania's 2nd,PA-02,DEM,5,DEM,Brendan,Boyle,H4PA13199,FALSE
Pennsylvania,2,Pennsylvania's 2nd,PA-02,DEM,5,REP,TBD,,,FALSE
Pennsylvania,3,Pennsylvania's 3rd,PA-03,DEM,4,DEM,Dwight,Evans,H6PA02171,FALSE
Pennsylvania,3,Pennsylvania's 3rd,PA-03,DEM,4,REP,TBD,,,FALSE
Pennsylvania,4,Pennsylvania's 4th,PA-04,DEM,3,DEM,Madeleine,Dean,H8PA04116,FALSE
Pennsylvania,4,Pennsylvania's 4th,PA-04,DEM,3,REP,David,Winkler,,FALSE
Pennsylvania,5,Pennsylvania's 5th,PA-05,DEM,3,DEM,Mary Gay,Scanlon,H8PA07200,FALSE
Pennsylvania,5,Pennsylvania's 5th,PA-05,DEM,3,REP,TBD,,,FALSE
Pennsylvania,6,Pennsylvania's 6th,PA-06,DEM,3,DEM,Chrissy,Houlahan,H8PA06087,FALSE
Pennsylvania,6,Pennsylvania's 6th,PA-06,DEM,3,REP,TBD,,,FALSE
Pennsylvania,7,Pennsylvania's 7th,PA-07,DEM,3,DEM,Susan,Wild,H8PA15229,FALSE
Pennsylvania,7,Pennsylvania's 7th,PA-07,DEM,3,REP,TBD,,,FALSE
Pennsylvania,8,Pennsylvania's 8th,PA-08,DEM,6,DEM,Matt,Cartwright,H2PA17079,FALSE
Pennsylvania,8,Pennsylvania's 8th,PA-08,DEM,6,REP,Robert,Bresnahan Jr.,,FALSE
Pennsylvania,9,Pennsylvania's 9th,PA-09,REP,3,DEM,TBD,,,FALSE
Pennsylvania,9,Pennsylvania's 9th,PA-09,REP,3,REP,Dan,Meuser,H8PA10147,FALSE
Pennsylvania,10,Pennsylvania's 10th,PA-10,REP,6,DEM,TBD,,,FALSE
Pennsylvania,10,Pennsylvania's 10th,PA-10,REP,6,REP,Scott,Perry,H2PA04135,FALSE
Pennsylvania,11,Pennsylvania's 11th,PA-11,REP,4,DEM,TBD,,,FALSE
Pennsylvania,11,Pennsylvania's 11th,PA-11,REP,4,REP,Lloyd,Smucker,H6PA16320,FALSE
Pennsylvania,12,Pennsylvania's 12th,PA-12,DEM,1,DEM,Summer,Lee,,FALSE
Pennsylvania,12,Pennsylvania's 12th,PA-12,DEM,1,REP,James,Hayes,,FALSE
Pennsylvania,13,Pennsylvania's 13th,PA-13,REP,3,DEM,TBD,,,FALSE
Pennsylvania,13,Pennsylvania's 13th,PA-13,REP,3,REP,John,Joyce,H8PA13125,FALSE
Pennsylvania,14,Pennsylvania's 14th,PA-14,REP,3,DEM,TBD,,,FALSE
Pennsylvania,14,Pennsylvania's 14th,PA-14,REP,3,REP,Guy,Reschenthaler,H8PA18199,FALSE
Pennsylvania,15,Pennsylvania's 15th,PA-15,REP,8,DEM,TBD,,,FALSE
Pennsylvania,15,Pennsylvania's 15th,PA-15,REP,8,REP,Glenn,Thompson,H8PA05071,FALSE
Pennsylvania,16,Pennsylvania's 16th,PA-16,REP,7,DEM,Preston,Nouri,,FALSE
Pennsylvania,16,Pennsylvania's 16th,PA-16,REP,7,REP,Mike,Kelly,H0PA03271,FALSE
Pennsylvania,17,Pennsylvania's 17th,PA-17,DEM,1,DEM,Chris,Deluzio,,FALSE
Pennsylvania,17,Pennsylvania's 17th,PA-17,DEM,1,REP,TBD,,,FALSE
Rhode Island,1,Rhode Island's 1st,RI-01,DEM,1,DEM,Gabe,Amo,,FALSE
Rhode Island,1,Rhode Island's 1st,RI-01,DEM,1,REP,TBD,,,FALSE
Rhode Island,2,Rhode Island's 2nd,RI-02,DEM,1,DEM,Seth,Magaziner,,FALSE
Rhode Island,2,Rhode Island's 2nd,RI-02,DEM,1,REP,TBD,,,FALSE
South Carolina,1,South Carolina's 1st,SC-01,REP,2,DEM,TBD,,,FALSE
South Carolina,1,South Carolina's 1st,SC-01,REP,2,REP,Nancy,Mace,H0SC01394,FALSE
South Carolina,2,South Carolina's 2nd,SC-02,REP,12,DEM,TBD,,,FALSE
South Carolina,2,South Carolina's 2nd,SC-02,REP,12,REP,Joe,Wilson,H2SC02059,FALSE
South Carolina,3,South Carolina's 3rd,SC-03,REP,7,DEM,TBD,,,FALSE
South Carolina,3,South Carolina's 3rd,SC-03,REP,7,REP,Jeff,Duncan,H0SC03077,FALSE
South Carolina,4,South Carolina's 4th,SC-04,REP,3,DEM,TBD,,,FALSE
South Carolina,4,South Carolina's 4th,SC-04,REP,3,REP,William,Timmons,H8SC04250,FALSE
South Carolina,5,South Carolina's 5th,SC-05,REP,4,DEM,TBD,,,FALSE
South Carolina,5,South Carolina's 5th,SC-05,REP,4,REP,Ralph,Norman,H8SC05158,FALSE
South Carolina,6,South Carolina's 6th,SC-06,DEM,16,DEM,Jim,Clyburn,H2SC02042,FALSE
South Carolina,6,South Carolina's 6th,SC-06,DEM,16,REP,TBD,,,FALSE
South Carolina,7,South Carolina's 7th,SC-07,REP,1,DEM,TBD,,,FALSE
South Carolina,7,South Carolina's 7th,SC-07,REP,1,REP,Tom,Rice,H2SC07066,FALSE
South Dakota,1,South Dakota's at-large,SD-AL,REP,3,DEM,Bert,Olson,,FALSE
South Dakota,1,South Dakota's at-large,SD-AL,REP,3,REP,Dusty,Johnson,H8SD01055,FALSE
Tennessee,1,Tennessee's 1st,TN-01,REP,8,DEM,TBD,,,FALSE
Tennessee,1,Tennessee's 1st,TN-01,REP,8,REP,Diana,Harshbarger,H0TN01118,FALSE
Tennessee,2,Tennessee's 2nd,TN-02,REP,3,DEM,TBD,,,FALSE
Tennessee,2,Tennessee's 2nd,TN-02,REP,3,REP,Tim,Burchett,H8TN02119,FALSE
Tennessee,3,Tennessee's 3rd,TN-03,REP,7,DEM,TBD,,,FALSE
Tennessee,3,Tennessee's 3rd,TN-03,REP,7,REP,Chuck,Fleischmann,H0TN03254,FALSE
Tennessee,4,Tennessee's 4th,TN-04,REP,7,DEM,TBD,,,FALSE
Tennessee,4,Tennessee's 4th,TN-04,REP,7,REP,Scott,DesJarlais,H0TN04195,FALSE
Tennessee,5,Tennessee's 5th,TN-05,REP,1,DEM,TBD,,,FALSE
Tennessee,5,Tennessee's 5th,TN-05,REP,1,REP,Andy,Ogles,,FALSE
Tennessee,6,Tennessee's 6th,TN-06,REP,3,DEM,TBD,,,FALSE
Tennessee,6,Tennessee's 6th,TN-06,REP,3,REP,John,Rose,H8TN06094,FALSE
Tennessee,7,Tennessee's 7th,TN-07,REP,3,DEM,TBD,,,FALSE
Tennessee,7,Tennessee's 7th,TN-07,REP,3,REP,Mark,Green,H8TN07076,FALSE
Tennessee,8,Tennessee's 8th,TN-08,REP,4,DEM,TBD,,,FALSE
Tennessee,8,Tennessee's 8th,TN-08,REP,4,REP,David,Kustoff,H2TN07103,FALSE
Tennessee,9,Tennessee's 9th,TN-09,DEM,9,DEM,Steve,Cohen,H6TN09068,FALSE
Tennessee,9,Tennessee's 9th,TN-09,DEM,9,REP,TBD,,,FALSE
Texas,1,Texas's 1st,TX-01,REP,1,DEM,TBD,,,FALSE
Texas,1,Texas's 1st,TX-01,REP,1,REP,Nathaniel,Moran,,FALSE
Texas,2,Texas's 2nd,TX-02,REP,3,DEM,TBD,,,FALSE
Texas,2,Texas's 2nd,TX-02,REP,3,REP,Dan,Crenshaw,H8TX02166,FALSE
Texas,3,Texas's 3rd,TX-03,REP,1,DEM,TBD,,,FALSE
Texas,3,Texas's 3rd,TX-03,REP,1,REP,Keith,Self,,FALSE
Texas,4,Texas's 4th,TX-04,REP,2,DEM,TBD,,,FALSE
Texas,4,Texas's 4th,TX-04,REP,2,REP,Pat,Fallon,,FALSE
Texas,5,Texas's 5th,TX-05,REP,3,DEM,TBD,,,FALSE
Texas,5,Texas's 5th,TX-05,REP,3,REP,Lance,Gooden,H8TX05144,FALSE
Texas,6,Texas's 6th,TX-06,REP,2,DEM,TBD,,,FALSE
Texas,6,Texas's 6th,TX-06,REP,2,REP,Jake,Ellzey,,FALSE
Texas,7,Texas's 7th,TX-07,DEM,3,DEM,Lizzie,Fletcher,H8TX07140,FALSE
Texas,7,Texas's 7th,TX-07,DEM,3,REP,TBD,,,FALSE
Texas,8,Texas's 8th,TX-08,REP,1,DEM,Laura,Jones,,FALSE
Texas,8,Texas's 8th,TX-08,REP,1,REP,Morgan,Luttrell,,FALSE
Texas,9,Texas's 9th,TX-09,DEM,10,DEM,Al,Green,H4TX09095,FALSE
Texas,9,Texas's 9th,TX-09,DEM,10,REP,Andrew,Alvarez,,FALSE
Texas,10,Texas's 10th,TX-10,REP,10,DEM,TBD,,,FALSE
Texas,10,Texas's 10th,TX-10,REP,10,REP,Michael,McCaul,H4TX10093,FALSE
Texas,11,Texas's 11th,TX-11,REP,2,DEM,TBD,,,FALSE
Texas,11,Texas's 11th,TX-11,REP,2,REP,August,Pfluger,H0TX11230,FALSE
Texas,12,Texas's 12th,TX-12,None,14,DEM,TBD,,,FALSE
Texas,12,Texas's 12th,TX-12,None,14,REP,TBD,,,FALSE
Texas,13,Texas's 13th,TX-13,REP,2,DEM,TBD,,,FALSE
Texas,13,Texas's 13th,TX-13,REP,2,REP,Ronny,Jackson,H0TX13228,FALSE
Texas,14,Texas's 14th,TX-14,REP,6,DEM,TBD,,,FALSE
Texas,14,Texas's 14th,TX-14,REP,6,REP,Randy,Weber,H2TX14149,FALSE
Texas,15,Texas's 15th,TX-15,REP,1,DEM,Michelle,Vallejo,,FALSE
Texas,15,Texas's 15th,TX-15,REP,1,REP,Monica,De La Cruz,H0TX15124,FALSE
Texas,16,Texas's 16th,TX-16,DEM,3,DEM,Veronica,Escobar,H8TX16109,FALSE
Texas,16,Texas's 16th,TX-16,DEM,3,REP,TBD,,,FALSE
Texas,17,Texas's 17th,TX-17,REP,13,DEM,TBD,,,FALSE
Texas,17,Texas's 17th,TX-17,REP,13,REP,Pete,Sessions,H2TX03126,FALSE
Texas,18,Texas's 18th,TX-18,DEM,15,DEM,Sheila,Jackson Lee,H4TX18054,FALSE
Texas,18,Texas's 18th,TX-18,DEM,15,REP,TBD,,,FALSE
Texas,19,Texas's 19th,TX-19,REP,4,DEM,TBD,,,FALSE
Texas,19,Texas's 19th,TX-19,REP,4,REP,Jodey,Arrington,H6TX19099,FALSE
Texas,20,Texas's 20th,TX-20,DEM,6,DEM,Joaquín,Castro,H2TX35011,FALSE
Texas,20,Texas's 20th,TX-20,DEM,6,REP,William,Hayward,,FALSE
Texas,21,Texas's 21st,TX-21,REP,3,DEM,TBD,,,FALSE
Texas,21,Texas's 21st,TX-21,REP,3,REP,Chip,Roy,H8TX21307,FALSE
Texas,22,Texas's 22nd,TX-22,REP,2,DEM,TBD,,,FALSE
Texas,22,Texas's 22nd,TX-22,REP,2,REP,Troy,Nehls,,FALSE
Texas,23,Texas's 23rd,TX-23,REP,2,DEM,TBD,,,FALSE
Texas,23,Texas's 23rd,TX-23,REP,2,REP,Tony,Gonzales,H0TX35015,FALSE
Texas,24,Texas's 24th,TX-24,REP,2,DEM,TBD,,,FALSE
Texas,24,Texas's 24th,TX-24,REP,2,REP,Beth,Van Duyne,H0TX24209,FALSE
Texas,25,Texas's 25th,TX-25,REP,6,DEM,TBD,,,FALSE
Texas,25,Texas's 25th,TX-25,REP,6,REP,Roger,Williams,H2TX33040,FALSE
Texas,26,Texas's 26th,TX-26,REP,11,DEM,Kelvin,Leaphart,,FALSE
Texas,26,Texas's 26th,TX-26,REP,11,REP,Michael,Burgess,H2TX26093,FALSE
Texas,27,Texas's 27th,TX-27,REP,4,DEM,Anthony,Tristan,,FALSE
Texas,27,Texas's 27th,TX-27,REP,4,REP,Michael,Cloud,H8TX27049,FALSE
Texas,28,Texas's 28th,TX-28,DEM,10,DEM,Henry,Cuellar,H2TX23082,FALSE
Texas,28,Texas's 28th,TX-28,DEM,10,REP,TBD,,,FALSE
Texas,29,Texas's 29th,TX-29,DEM,3,DEM,Sylvia,Garcia,H8TX29052,FALSE
Texas,29,Texas's 29th,TX-29,DEM,3,REP,TBD,,,FALSE
Texas,30,Texas's 30th,TX-30,DEM,1,DEM,Jasmine,Crockett,,FALSE
Texas,30,Texas's 30th,TX-30,DEM,1,REP,Angeigh,Roc'ellerpitts,,FALSE
Texas,31,Texas's 31st,TX-31,REP,11,DEM,TBD,,,FALSE
Texas,31,Texas's 31st,TX-31,REP,11,REP,John,Carter,H2TX31044,FALSE
Texas,32,Texas's 32nd,TX-32,None,3,DEM,TBD,,,FALSE
Texas,32,Texas's 32nd,TX-32,None,3,REP,TBD,,,FALSE
Texas,33,Texas's 33rd,TX-33,DEM,6,DEM,Marc,Veasey,H2TX33073,FALSE
Texas,33,Texas's 33rd,TX-33,DEM,6,REP,TBD,,,FALSE
Texas,34,Texas's 34th,TX-34,DEM,4,DEM,Vicente,Gonzalez,,FALSE
Texas,34,Texas's 34th,TX-34,DEM,4,REP,TBD,,,FALSE
Texas,35,Texas's 35th,TX-35,DEM,1,DEM,Greg,Casar,,FALSE
Texas,35,Texas's 35th,TX-35,DEM,1,REP,TBD,,,FALSE
Texas,36,Texas's 36th,TX-36,REP,5,DEM,TBD,,,FALSE
Texas,36,Texas's 36th,TX-36,REP,5,REP,Brian,Babin,H6TX02079,FALSE
Texas,37,Texas's 37th,TX-37,DEM,15,DEM,Lloyd,Doggett,H4TX10028,FALSE
Texas,37,Texas's 37th,TX-37,DEM,15,REP,TBD,,,FALSE
Texas,38,Texas's 38th,TX-38,REP,1,DEM,TBD,,,FALSE
Texas,38,Texas's 38th,TX-38,REP,1,REP,Wesley,Hunt,,FALSE
Utah,1,Utah's 1st,UT-01,REP,2,DEM,TBD,,,FALSE
Utah,1,Utah's 1st,UT-01,REP,2,REP,Blake,Moore,H0UT01205,FALSE
Utah,2,Utah's 2nd,UT-02,REP,1,DEM,TBD,,,FALSE
Utah,2,Utah's 2nd,UT-02,REP,1,REP,TBD,,,FALSE
Utah,3,Utah's 3rd,UT-03,REP,4,DEM,TBD,,,FALSE
Utah,3,Utah's 3rd,UT-03,REP,4,REP,John,Curtis,H8UT03238,FALSE
Utah,4,Utah's 4th,UT-04,REP,2,DEM,TBD,,,FALSE
Utah,4,Utah's 4th,UT-04,REP,2,REP,Burgess,Owens,H0UT04076,FALSE
Vermont,1,Vermont's at-large,VT-AL,DEM,1,DEM,Becca,Balint,,FALSE
Vermont,1,Vermont's at-large,VT-AL,DEM,1,REP,TBD,,,FALSE
Virginia,1,Virginia's 1st,VA-01,REP,9,DEM,Herb,Jones,,FALSE
Virginia,1,Virginia's 1st,VA-01,REP,9,REP,Rob,Wittman,H8VA01147,FALSE
Virginia,2,Virginia's 2nd,VA-02,REP,1,DEM,Missy,Cotter Smasal,,FALSE
Virginia,2,Virginia's 2nd,VA-02,REP,1,REP,Jennifer,Kiggans,,FALSE
Virginia,3,Virginia's 3rd,VA-03,DEM,16,DEM,Bobby,Scott,H6VA01117,FALSE
Virginia,3,Virginia's 3rd,VA-03,DEM,16,REP,TBD,,,FALSE
Virginia,4,Virginia's 4th,VA-04,DEM,1,DEM,Jennifer,McClellan,,FALSE
Virginia,4,Virginia's 4th,VA-04,DEM,1,REP,TBD,,,FALSE
Virginia,5,Virginia's 5th,VA-05,REP,2,DEM,TBD,,,FALSE
Virginia,5,Virginia's 5th,VA-05,REP,2,REP,Bob,Good,H0VA05160,FALSE
Virginia,6,Virginia's 6th,VA-06,REP,3,DEM,TBD,,,FALSE
Virginia,6,Virginia's 6th,VA-06,REP,3,REP,Ben,Cline,H8VA06104,FALSE
Virginia,7,Virginia's 7th,VA-07,DEM,3,DEM,Abigail,Spanberger,H8VA07094,FALSE
Virginia,7,Virginia's 7th,VA-07,DEM,3,REP,TBD,,,FALSE
Virginia,8,Virginia's 8th,VA-08,DEM,5,DEM,Don,Beyer,H4VA08224,FALSE
Virginia,8,Virginia's 8th,VA-08,DEM,5,REP,TBD,,,FALSE
Virginia,9,Virginia's 9th,VA-09,REP,7,DEM,TBD,,,FALSE
Virginia,9,Virginia's 9th,VA-09,REP,7,REP,Morgan,Griffith,H0VA09055,FALSE
Virginia,10,Virginia's 10th,VA-10,None,3,DEM,TBD,,,FALSE
Virginia,10,Virginia's 10th,VA-10,None,3,REP,Mike,Clancy,,FALSE
Virginia,11,Virginia's 11th,VA-11,DEM,8,DEM,Gerry,Connolly,H8VA11062,FALSE
Virginia,11,Virginia's 11th,VA-11,DEM,8,REP,TBD,,,FALSE
Washington,1,Washington's 1st,WA-01,DEM,6,DEM,Suzan,DelBene,H0WA08046,FALSE
Washington,1,Washington's 1st,WA-01,DEM,6,REP,TBD,,,FALSE
Washington,2,Washington's 2nd,WA-02,DEM,12,DEM,Rick,Larsen,H0WA02080,FALSE
Washington,2,Washington's 2nd,WA-02,DEM,12,REP,TBD,,,FALSE
Washington,3,Washington's 3rd,WA-03,DEM,1,DEM,Marie,Gluesenkamp Perez,,FALSE
Washington,3,Washington's 3rd,WA-03,DEM,1,REP,TBD,,,FALSE
Washington,4,Washington's 4th,WA-04,REP,5,DEM,TBD,,,FALSE
Washington,4,Washington's 4th,WA-04,REP,5,REP,Dan,Newhouse,H4WA04104,FALSE
Washington,5,Washington's 5th,WA-05,REP,10,DEM,Ann Marie,Danimus,,FALSE
Washington,5,Washington's 5th,WA-05,REP,10,REP,Cathy,McMorris Rodgers,H4WA05077,FALSE
Washington,6,Washington's 6th,WA-06,None,6,DEM,Hilary,Franz,,FALSE
Washington,6,Washington's 6th,WA-06,None,6,REP,TBD,,,FALSE
Washington,7,Washington's 7th,WA-07,DEM,4,DEM,Pramila,Jayapal,H6WA07458,FALSE
Washington,7,Washington's 7th,WA-07,DEM,4,REP,TBD,,,FALSE
Washington,8,Washington's 8th,WA-08,DEM,3,DEM,Kim,Schrier,H8WA08189,FALSE
Washington,8,Washington's 8th,WA-08,DEM,3,REP,TBD,,,FALSE
Washington,9,Washington's 9th,WA-09,DEM,14,DEM,Adam,Smith,H6WA09025,FALSE
Washington,9,Washington's 9th,WA-09,DEM,14,REP,TBD,,,FALSE
Washington,10,Washington's 10th,WA-10,DEM,2,DEM,Marilyn,Strickland,H0WA10034,FALSE
Washington,10,Washington's 10th,WA-10,DEM,2,REP,None,,,FALSE
West Virginia,1,West Virginia's 1st,WV-01,REP,3,DEM,TBD,,,FALSE
West Virginia,1,West Virginia's 1st,WV-01,REP,3,REP,Carol,Miller,H8WV03097,FALSE
West Virginia,2,West Virginia's 2nd,WV-02,None,5,DEM,TBD,,,FALSE
West Virginia,2,West Virginia's 2nd,WV-02,None,5,REP,TBD,,,FALSE
Wisconsin,1,Wisconsin's 1st,WI-01,REP,3,DEM,TBD,,,FALSE
Wisconsin,1,Wisconsin's 1st,WI-01,REP,3,REP,Bryan,Steil,H8WI01156,FALSE
Wisconsin,2,Wisconsin's 2nd,WI-02,DEM,6,DEM,Mark,Pocan,H2WI02124,FALSE
Wisconsin,2,Wisconsin's 2nd,WI-02,DEM,6,REP,Erik,Olsen,,FALSE
Wisconsin,3,Wisconsin's 3rd,WI-03,REP,1,DEM,TBD,,,FALSE
Wisconsin,3,Wisconsin's 3rd,WI-03,REP,1,REP,Derrick,Van Orden,H0WI03175,FALSE
Wisconsin,4,Wisconsin's 4th,WI-04,DEM,10,DEM,Gwen,Moore,H4WI04183,FALSE
Wisconsin,4,Wisconsin's 4th,WI-04,DEM,10,REP,TBD,,,FALSE
Wisconsin,5,Wisconsin's 5th,WI-05,REP,2,DEM,Chris,Leon,,FALSE
Wisconsin,5,Wisconsin's 5th,WI-05,REP,2,REP,Scott,Fitzgerald,H0WI05113,FALSE
Wisconsin,6,Wisconsin's 6th,WI-06,REP,5,DEM,Amy,Washburn,,FALSE
Wisconsin,6,Wisconsin's 6th,WI-06,REP,5,REP,Glenn,Grothman,H4WI06048,FALSE
Wisconsin,7,Wisconsin's 7th,WI-07,REP,2,DEM,TBD,,,FALSE
Wisconsin,7,Wisconsin's 7th,WI-07,REP,2,REP,Tom,Tiffany,H0WI07101,FALSE
Wisconsin,8,Wisconsin's 8th,WI-08,REP,4,DEM,TBD,,,FALSE
Wisconsin,8,Wisconsin's 8th,WI-08,REP,4,REP,Mike,Gallagher,H6WI08155,FALSE
Wyoming,1,Wyoming's at-large,WY-AL,REP,1,DEM,TBD,,,FALSE
Wyoming,1,Wyoming's at-large,WY-AL,REP,1,REP,Harriet,Hageman,,FALSE
